Title,tech_stack
.NET Developer,.NET;.NET Core;.NET Core basics;.NET Core fundamentals;.NET Framework;.NET Framework basics;ASP.NET;ASP.NET Core;ASP.NET MVC;ASP.NET basics;Angular;Azure;Azure DevOps;Blazor;C#;CI/CD;CSS;Dapper;Design Patterns;Docker;Entity Framework;Entity Framework basics;F#;Git;HTML;JavaScript basics;Kubernetes;LINQ;MVC;Microservices;Moq;NUnit;NUnit basics;NoSQL;REST APIs;Razor;SOLID;SOLID Principles;SQL Server;SignalR;Testing with NUnit;Testing with xUnit;Unit Testing;Unit Testing basics;VB.NET;VB.NET basics;Visual Studio;WebAPI;gRPC;xUnit
AI Engineer,AI;AWS;Apache Spark;Azure;C++;CI/CD;Classification;Cloud;Clustering;Computer Vision;Deep Learning;Docker;Entry-Level;Fresher;GCP;Generative AI;Hadoop;Hugging Face;Hugging Face Transformers;Java;Keras;Kubernetes;LIME;LLMs;ML;MLOps;Mid-Senior Level;Model Monitoring;MongoDB;NLP;NLTK;Neural Networks;NoSQL;NumPy;ONNX;OpenCV;Pandas;PyTorch;Python;R;Regression;Reinforcement Learning;SHAP;SQL;Scikit-learn;Senior-Level;Spark;Supervised/Unsupervised Learning;TensorFlow
AI Prompt Engineer,"AI Ethics;AI Frameworks;AI Model Optimization;API Integration;API integration (OpenAI/Azure);Advanced NLP;Advanced Python;Advanced prompt design (chain-of-thought, iterative optimization);Azure Cognitive Services;Chain-of-thought prompting;Chain-of-thought prompts;Collaboration;Communication;Creativity;Critical thinking;Data Analysis;Data analysis;Data analytics;Data visualization;Deep NLP expertise;GPT;GPT model exposure;GPT models intro;Hugging Face;Hugging Face Transformers;Hugging Face Transformers basics;Hugging Face basics;Intro NLP;Intro to NLP;Introductory NLP;Iterative prompt design;Iterative prompt optimization;JavaScript;JavaScript advanced;JavaScript basics;LLM;LLM tuning;Leadership;Machine Learning;Machine learning analysis;Machine learning for prompt tuning;Model Fine-tuning;NLP;NLP basics;NLP frameworks;NLP introduction;NLP techniques;NLTK basics;OpenAI API;OpenAI GPT basics;OpenAI GPT intro;OpenAI GPT model basics;OpenAI GPT models exposure;OpenAI GPT models intro;Problem-solving;Prompt Engineering;Prompt Optimization;Prompt chain-of-thought;Prompt design optimization;Prompt iterative optimization;Prompt optimization techniques;Prompt writing;Prompt writing fundamentals;PyTorch;PyTorch basics;Python;Python advanced;Python basics;SpaCy basics;Teamwork;TensorFlow;TensorFlow basics"
AR/VR Developer,"3D Graphics;3D Modeling;3D modeling and animation expert;3D modeling and graphics;3D modeling basics;3D modeling fundamentals;3D modeling/animation advanced;3D modeling/animation expert;ARCore;ARCore advanced;ARCore basics;ARKit;ARKit advanced;ARKit basics;ARKit, ARCore, Vuforia;Advanced 3D graphics;Advanced 3D modeling and animation;Advanced 3D modeling/animation;Blender basics;Blender/Maya basics;C#;C# advanced;C# basics;C++ advanced;C++ basics;C++, C# advanced;C++, C# expert;Collaboration;Communication;Creativity;Cross-Platform;Cross-platform deployment;Cross-platform development;Cross-platform optimization;Gesture and motion tracking;Gesture/motion tracking;Hardware integration;JavaScript;JavaScript advanced;JavaScript basics;Leadership;Machine Learning;Machine learning basics;Maya basics;Motion Tracking;Motion tracking basics;Performance Optimization;Performance optimization;Performance tuning;Problem-solving;Project coordination;Project management;Python basics;Spatial Computing;Spatial computing;Spatial computing basics;Team collaboration;Team management;Teamwork;UI/UX advanced;UI/UX design advanced;UI/UX design expert;UI/UX expert;UI/UX fundamentals;Unity;Unity advanced;Unity basics;Unity, Unreal Engine advanced;Unity, Unreal Engine expert;Unreal Engine;Unreal Engine advanced;Unreal Engine basics;Vuforia"
Android App Developer,Android SDK;Android Studio;Git;Java;Kotlin;MVC;Material Design;REST API;REST APIs;SQLite;UI/UX Basics;UI/UX Design
Android Architect,Agile;Android NDK;Android Studio;CI/CD;Clean Architecture;Dagger;Debugging;Dependency Injection;Firebase;Java;Jetpack;Kotlin;MVVM;Material Design;Performance Optimization;Play Store;REST API;Room;Unit Testing
Android Developer,Agile;Android NDK;Android SDK;Android Studio;CI/CD;Debugging;Dependency Injection;Firebase;Git;Java;Jetpack;Kotlin;MVC;MVVM;Material Design;Mobile Development;Performance Optimization;Play Store;REST API;REST APIs;Room;SQLite;UI/UX Basics;UI/UX Design;Unit Testing;XML
Android Development,Android Studio;Git;Java;Kotlin;Material Design;REST API;SQLite;UI/UX Basics;UI/UX Design;XML
Android Solutions Architect,Agile;Android NDK;Android Studio;CI/CD;Clean Architecture;Dagger;Debugging;Dependency Injection;Firebase;Java;Jetpack;Kotlin;MVVM;Material Design;Performance Optimization;Play Store;REST API;Room;Unit Testing
Android Solutions Engineer,Agile;Android NDK;Android Studio;CI/CD;Clean Architecture;Debugging;Dependency Injection;Firebase;Java;Jetpack;Kotlin;MVVM;Material Design;Performance Optimization;Play Store;REST API;REST APIs;Room;Unit Testing
Android Tech Lead,Agile;Android NDK;Android Studio;CI/CD;Clean Architecture;Dagger;Debugging;Dependency Injection;Firebase;Java;Jetpack;Kotlin;MVVM;Material Design;Performance Optimization;Play Store;REST API;Room;Unit Testing
Associate Android Developer,Android Studio;Git;Java;Kotlin;Material Design;REST API;SQLite;UI/UX Design;XML
Associate Cloud Architect,AWS;AWS basics;Azure;Azure basics;Cloud Computing;Cloud Databases;Cloud database basics;Docker;Linux administration;Virtualization
Associate Cybersecurity Analyst,Firewall Basics;Firewall Management;GDPR Basics;Incident Response;Linux Security;Network Security;SIEM;Vulnerability Scanning;Wireshark
Associate Network Engineer,Bash Basics;Cisco IOS;DHCP;DNS;Entry-Level Networking;Python Basics;Subnetting
Associate System Engineer,Automation Basics;Cloud Computing;Cloud Concepts;Linux;Linux Administration Basics;Perl Basics;Systems Engineering;TCP/IP;VMware
Associate UX Designer,Adobe XD;Collaboration;Figma;Prototyping;Sketch;Team Collaboration;Typography;User Flows;User Research;User Research Basics;Wireframes;Wireframing
Associate iOS Engineer,Git;JSON;Mobile Testing;Objective-C;REST APIs;Swift
BI Analyst,Advanced BI modeling;Advanced Tableau;Advanced analytics;Analytics;BI;Basic data analysis;Basic statistical analysis;Basic statistics;Business Intelligence;Business acumen;Business metrics awareness;Business process knowledge;Complex SQL queries;Data analysis;Data governance;Data integration;Data modeling;ETL;ETL awareness;ETL knowledge;ETL pipeline design;ETL pipeline management;ETL pipelines;ETL process awareness;ETL process knowledge;ETL process understanding;ETL understanding;Entry-Level;Excel;Excel charts;Excel charts and dashboards;Excel charts and pivot tables;Excel dashboards;Excel visualization;Forecasting;Fresher;KPI and performance metrics development;KPI definition;KPI development;KPI knowledge;KPI monitoring;KPI strategy;KPI understanding;Looker;MySQL;MySQL basics;MySQL/PostgreSQL;PostgreSQL;PostgreSQL basics;Power BI;Predictive Analytics;Predictive analytics;Predictive modeling;QlikView;Redshift;Reporting;SQL;SQL & Database management;SQL optimization;SQL queries;SQL querying;Senior-Level;Snowflake;Statistics;Tableau
Backend Developer,AI;API Development;AWS;Agile;Azure;Backend Developer;CI/CD;CI/CD basics;Cloud;Cloud Awareness;Cloud Basics;Cloud Platforms;Django;Docker;E-commerce;Experienced;Express.js;Fintech;Flask;Fresher;GCP;Git;Go;GraphQL;GraphQL basics;HIPAA compliance;Healthcare;Java;Kubernetes;Logistics;Media Streaming;Microservices;MongoDB;MySQL;Node.js;PostgreSQL;Python;RESTful API;Redis;SaaS;Security;Server-Side;Server-Side Development;Social Media;Spring Boot;gRPC
Big Data Specialist,"AWS;AWS big data services;Analytical thinking;Apache NiFi;Apache NiFi basics;Apache Spark;Apache Spark basics;Azure;Azure big data services;Big Data;Big Data Analytics;BigQuery;Collaboration;Curiosity;Data Analytics;Data Mining;Data Visualization;Data Warehousing;Data governance;ETL;ETL basics;ETL concepts;Flink;GCP;GCP big data services;Hadoop;Hadoop (HDFS, Hive, MapReduce);Hadoop (HDFS, MapReduce, Hive);Hadoop (HDFS, MapReduce, Hive, Pig);Hadoop basics;Hadoop ecosystem;Hadoop ecosystem basics;Java;Java advanced;Java basics;Kafka;Leadership;Linux;Linux/Unix basics;MLlib;MLlib basics;Machine Learning;NoSQL;NoSQL basics;NoSQL basics (MongoDB, HBase);Power BI;Problem-solving;Python;Python advanced;Python basics;QlikView;Redshift;SQL;SQL basics;Scala;Scala advanced;Scala basics;Snowflake;Spark;Spark Streaming;Spark basics;Tableau;Talend;Talend basics;Team leadership;Teamwork;TensorFlow basics"
Blockchain Developer,Adaptability;Blockchain;Blockchain Architecture;C++ basics;Cloud integration;Collaboration;Communication;Consensus Algorithms;Corda;Corda basics;Cross-chain;Cross-chain development;Cross-chain interoperability;Cross-chain solutions;Cryptography;Cryptography advanced;Cryptography basics;Cryptography expert;Cryptography fundamentals;DApps;DApps basics;DApps fundamentals;Ethereum;Ethereum basics;Ethereum fundamentals;Ethereum multi-chain;Gas optimization;Git;Git advanced;Git basics;Hyperledger;Hyperledger Fabric;Hyperledger advanced;Hyperledger basics;Innovation;Innovation management;Innovation strategies;Java advanced;Java basics;Leadership;Mentoring;Mentorship;Multi-chain;Problem-solving;Project management;Python advanced;Python basics;Remix IDE;Remix IDE advanced;Remix IDE basics;Rust basics;Scalable DApps;Security Audits;Smart Contract Optimization;Smart Contracts;Smart contract development;Smart contract development and testing;Smart contract implementation;Smart contract optimization;Smart contract optimization and security audits;Smart contract security audits;Smart contract testing;Smart contracts;Smart contracts basics;Solidity;Solidity advanced;Solidity basics;Stakeholder collaboration;Team collaboration;Team management;Teamwork;Truffle;Truffle advanced;Truffle basics
Business Analyst,AI Analytics;AI-driven analytics;AI-enhanced analytics;AI-powered analytics;Advanced SQL;Advanced analytics;Advanced data analysis;Agile;Agile fundamentals;Agile leadership;Agile methodologies;Agile methodology;Agile methodology awareness;Agile project management;BI Tools;Basic data analysis;Business Analysis;Business Intelligence;Business Process;Business intelligence;Business process mapping;Business process modeling;Business process optimization;Collaboration;Communication;Critical Thinking;Critical thinking;Data Analysis;Data Storytelling;Data Visualization;Data analysis;Data analysis basics;Data interpretation;Data storytelling;Documentation;Excel;Power BI;Power BI basics;Problem Solving;Problem-solving;Process Improvement;Requirement Gathering;Requirement documentation;Requirement elicitation;Requirement gathering;Requirement management;Research;Research skills;SAS;SQL;SQL basics;Stakeholder Management;Stakeholder communication;Stakeholder engagement;Stakeholder management;Strategic Planning;Strategic planning;Tableau;Tableau basics;Team collaboration
Cloud,AWS;Azure;Bash;Basic networking;Cloud Computing;Cloud Security;Cloud storage basics;GCP;IAM;IAM fundamentals;Python;Python scripting
Cloud Architect,AWS;AWS fundamentals;Azure;Azure basics;Bash scripting;Cloud Computing;Cloud Security;Cloud security fundamentals;Docker;Docker introduction;GCP;GCP basics;Kubernetes;Kubernetes basics;Python;Python basics;Scripting;Virtualization
Cloud Automation Engineer,AWS;Ansible;Automation;CloudFormation;IaC;Kubernetes;Python;Terraform
Cloud Cost Optimization Architect,AWS;Azure;Cloud Cost Optimization;Cloud Monitoring;Cloud cost management;Python;Terraform
Cloud DevSecOps Architect,AWS;Ansible;Automation;Azure;CI/CD;CI/CD pipelines;Cloud Security;DevSecOps;Python;Security integration;Terraform
Cloud Engineer,"AWS;AWS CodePipeline;AWS advanced;AWS basics;Ansible;Automation;Azure;Azure advanced;Azure basics;Bangalore;Bash;CI/CD;CI/CD pipelines;CI/CD: Jenkins, GitLab CI, CircleCI;Chennai;CircleCI;Cloud;Cloud Architecture;Cloud Security;Cloud Security: IAM, RBAC, encryption, compliance;Cloud security compliance;CloudFormation;CloudFormation basics;CloudWatch;Containerization;Database & Storage: SQL, NoSQL, S3, Azure Blob Storage;DevOps;Docker Swarm;Docker basics;Docker/Kubernetes;Docker/Kubernetes fundamentals;Entry-Level;Fresher;GCP;GCP advanced;GCP basics;Git;Git/GitHub;Git/GitHub/GitLab;GitHub Actions;GitLab CI;Helm;Hyderabad;IAM basics;Infrastructure;Jenkins;Jenkins/GitHub Actions;Kubernetes;Kubernetes basics;Leadership;Monitoring;Monitoring & Logging: CloudWatch, Prometheus, ELK;Monitoring fundamentals;Monitoring/Logging: CloudWatch, Prometheus, ELK;Monitoring: CloudWatch, Azure Monitor;Monitoring: CloudWatch, Prometheus;Monitoring: CloudWatch, Prometheus, Azure Monitor;Monitoring: CloudWatch, Prometheus, ELK;Networking;Networking & Storage;Networking: VPC, load balancers, DNS, firewall rules;PowerShell;Prometheus;Pune;Python;Python scripting;Python/Bash scripting;Python/Bash/PowerShell;Remote;SQL, NoSQL, S3, Azure Blob;Scripting: Python, Bash, PowerShell;Security;Senior-Level;Shell scripting;Storage;Terraform;Terraform basics;Terraform/CloudFormation awareness;Terraform/CloudFormation basics;Terraform/CloudFormation knowledge;Terraform/CloudFormation/Ansible;VPC;VPN"
Cloud Infrastructure Architect,AWS;Azure;Cloud Infrastructure;Cloud networking;Hybrid Cloud;Hybrid cloud;Networking;Python;SDN;Terraform
Cloud Infrastructure Security Architect,AWS;Azure;Cloud Security;Cloud security;Compliance;Encryption;IAM;Kubernetes;Terraform
Cloud Migration Specialist,AWS;Azure;Cloud Architecture;Cloud Migration;Cloud migration;Database Migration;Database migration;GCP;Python;Terraform
Cloud Network Engineer,AWS;AWS Networking;Ansible;Automation with Ansible;Azure;Azure Networking;Cloud Networking;Load Balancers;VPC
Cloud Platform Architect,AWS;Azure;CI/CD;Cloud Platform;Docker Swarm;Kubernetes;Python;Terraform
Cloud Security Analyst,AWS Security;Azure Security;Cloud Security;Compliance;Firewall Management;GCP Security;Incident Response;Penetration Testing;Risk Management;SIEM;SIEM Tools
Cloud Security Architect,AWS;Azure;Cloud Security;Cloud security;Compliance;Compliance frameworks;Encryption;IAM;Python;Python scripting
Cloud Solutions,AWS;Cloud Basics;Cloud Security;Cloud storage basics;Docker;Infrastructure as Code;Java basics;Linux administration;Networking fundamentals;Python;Terraform;Terraform basics;Virtualization
Content Writer,"AI Tools;AI Writing Tools;AI content tools;AI content tools awareness;AI tool awareness;AI tools exposure;AI writing tool exposure;AI writing tools awareness;AI-assisted content creation;AI-assisted content optimization;AI-assisted content tools;AI-assisted writing;Adaptable tone and style;Adaptation of tone and style;Advanced SEO;Advanced SEO and analytics;Advanced SEO and keyword optimization;Advanced SEO skills;Advanced SEO techniques;Advanced content strategy;Advanced writing and editing;Advanced writing skills;Analytics;Analytics and KPI tracking;Analytics and performance measurement;Analytics basics;Articles;Backlinking;Basic SEO;Basic SEO knowledge;Basic writing and grammar;Blog Writing;Blog and article writing;Blogs;Brand Voice;Brand voice consistency;CMS;CMS and AI tools;CMS and AI writing tools;CMS basics;CMS familiarity;CMS proficiency;CMS tools;Clarity in writing;Collaboration;Collaboration and mentoring;Collaboration and team management;Collaboration and teamwork;Collaboration with cross-functional teams;Collaboration with marketing and design teams;Collaboration with marketing teams;Collaboration with teams;Communication skills;Comprehensive content strategy;Content Calendar;Content Marketing;Content Strategy;Content Writing;Content calendar management;Content creation;Content formatting;Content marketing;Content optimization;Content research;Content strategy;Content strategy development;Content strategy leadership;Content strategy planning;Content strategy support;Creativity;Cross-functional collaboration;Digital Marketing;Digital Marketing Tools;Digital marketing awareness;Digital marketing basics;Digital marketing knowledge;Digital marketing tools;Digital marketing tools (GA, SEMrush);Digital marketing tools (GA, SEMrush, HubSpot);Digital marketing tools (GA4, SEMrush, HubSpot);Digital marketing tools (Google Analytics, SEMrush);Digital marketing tools (Google Analytics, SEMrush, HubSpot);Digital marketing tools proficiency;Editing;Editing and fact-checking;Editing and proofreading;Fact-checking;Fact-checking and research;Google Analytics;Grammar;Grammar and punctuation;HubSpot;KPI tracking;Keyword Usage;Keyword usage;Keywords;Multi-format Content;Multi-format content creation;Multi-format content creation (blogs, social media, video scripts);Multi-format content creation (blogs, whitepapers, social media, scripts);Performance Tracking;Performance tracking;Performance tracking and KPI analysis;Project Management;Project management;Project management for content initiatives;Proofreading;Research;Research and fact-checking;Research skills;SEMrush;SEO;SEO Basics;SEO and keyword optimization;SEO and keyword research;SEO basics;SEO fundamentals;SEO keyword research;SEO optimization;SEO optimization and backlinking;Social Media Content;Social media content;Time Management;Time management;Tone and style adaptation;WordPress;WordPress basics;WordPress or CMS proficiency;Writing and grammar;Writing clarity;Writing clarity and grammar"
Copywriter,"AI Tools;AI content tools;AI writing tool awareness;AI writing tools;AI writing tools awareness;AI-assisted content creation;AI-assisted content optimization;AI-assisted content tools;AI-assisted writing;AI-assisted writing tools;Adaptable writing style;Advanced SEO;Advanced SEO and analytics;Advanced copywriting;Advanced copywriting and editing;Analytics;Analytics and KPI tracking;Basic SEO;Basic SEO knowledge;Basic SEO practices;Brand Consistency;Brand Messaging;Brand Voice;Brand consistency;Brand messaging;Brand messaging and consistency;Brand voice alignment;Brand voice consistency;CMS;CMS and AI tools;CMS and AI tools proficiency;CMS basics (WordPress, HubSpot);CMS familiarity;CMS proficiency;CMS usage;Clear and persuasive writing;Collaboration;Collaboration and communication;Collaboration and leadership;Collaboration with marketing teams;Communication;Content Editing;Content Research;Content Strategy;Content Writing;Content adaptation for brand voice;Content editing and proofreading;Content research;Content research and accuracy;Content strategy;Copywriting;Creativity;Creativity and storytelling;Digital Marketing;Digital marketing channel familiarity;Digital marketing channels and tools;Digital marketing expertise;Digital marketing familiarity;Digital marketing integration;Digital marketing knowledge;Digital marketing strategy;Digital marketing tools;Editing;Editing and proofreading;Email Marketing;Email and social media familiarity;Familiarity with digital marketing channels;Grammar;Grammar and punctuation;Grammar and punctuation mastery;KPI analysis;Leadership;Leadership and mentoring;Multi-format content creation;Multi-format copywriting;Performance Analysis;Performance measurement;Performance tracking;Persuasive copywriting;Persuasive writing;Project Management;Project and performance management;Project management;Proofreading;Proofreading and editing;Research;Research and accuracy;Research and fact-checking;SEO;SEO and analytics expertise;SEO and keyword optimization;SEO basics;SEO optimization;SEO optimization and analytics;Social Media;Storytelling;Storytelling and creativity;Strategic content planning;Strategic copywriting;Team Leadership;Team collaboration;Team leadership;Team leadership and collaboration;Time Management;Time management;Tone and style adaptation"
Cyber Defense Analyst,Compliance;Compliance Auditing;Firewall Management;Incident Response;Malware Analysis;SIEM Tools;SOC;SOC Operations;Threat Hunting
Cybersecurity,Antivirus Tools;C++ Basics;Encryption;Encryption Fundamentals;Incident Response;Linux Fundamentals;Linux Security;Malware Analysis;Metasploit;NIST;NIST Basics;Network Security;Penetration Testing;Python;Snort;Vulnerability Assessment;Wireshark
Cybersecurity Analyst,Bash;C++;Cloud Security;Cloud Security (AWS/Azure);Encryption Basics;Firewall Configuration;Firewalls;Incident Response;Linux Basics;Malware Analysis;Nessus;Network Security;Penetration Testing;Python;QRadar;Risk Management;SIEM;SOC;Snort;Splunk;Threat Hunting;Vulnerability Assessment;Wireshark
Cybersecurity Risk Analyst,Compliance;Compliance Auditing;Incident Response;PowerShell;Python;Risk Management;Security Auditing;Splunk;Vulnerability Assessment
Cybersecurity Support Analyst,Cryptography;Cryptography Basics;Firewall Management;Firewall Rules;ISO 27001;ISO 27001 Basics;Incident Response;SIEM;Teamwork;Wireshark
Data Analyst,A/B testing;Advanced Analytics;Advanced SQL;Advanced analytics;BI;Basic statistics;BigQuery;Dashboard;Dashboards;Data Analytics;Data Cleaning;Data Engineering;Data Visualization;Data engineering;Data warehousing;ETL;ETL pipelines;ETL workflows;Entry-Level;Excel;Excel charts;Excel functions;Fresher;Google Data Studio;Hadoop;Hadoop basics;Hypothesis testing;Kafka;Leadership;Looker;Machine learning;Machine learning algorithms;Matplotlib;MySQL;Pandas;PostgreSQL;Power BI;Predictive Analytics;Predictive Modeling;Predictive modeling;Python;R;Redshift;Regression;Reporting;SAS;SQL;Seaborn;Senior-Level;Snowflake;Spark;Spark basics;Statistical modeling;Tableau;Time-series analysis;Time-series forecasting;Visualization
Data Analyst / Data Scientist,"Basic ML: classification, clustering;Data Analyst;Data Scientist;Data Visualization;Internship;Machine Learning;Matplotlib;MongoDB;MySQL;NumPy;Pandas;Python;R;SQL;Seaborn"
Data Engineer,AWS;AWS Basics;AWS Beginner;AWS Cloud Basics;AWS EMR;AWS Glue;AWS Redshift;AWS S3;AWS S3 Basics;Airflow;Airflow Basics;Airflow Fundamentals;Analytical Thinking;Apache Kafka;Apache Spark;Azure;Azure Basics;Azure Data Lake;Azure Fundamentals;Azure Synapse;Big Data;BigQuery;Data Cleaning;Data Engineering Fundamentals;Data Governance;Data Modeling;Data Modeling Basics;Data Partitioning;Data Structures;Data Warehousing;Databricks;ETL;ETL Basics;ETL Fundamentals;ETL Tools Introduction;Flink;GCP BigQuery;Hadoop;Hadoop Basics;Hadoop Fundamentals;Java;Java Basics;Kafka;Linux;MongoDB;MySQL;PostgreSQL;Python;Redshift;SQL;SQL Optimization;Scala;Scala Basics;Snowflake;Spark;Spark Basics;Spark Fundamentals
Data Science,"Basic ML: logistic regression, clustering, decision trees;Basic ML: regression, classification, clustering;Data Analysis;Data Science Associate;Data Science Intern;Data Visualization;Data cleaning;Data preprocessing;Data wrangling;ETL;Machine Learning;Matplotlib;MySQL;NumPy;Pandas;PostgreSQL;Python;R;SQL;Seaborn"
Data Science Team Lead,AI;AWS;Big Data;Classification;Data Science;ETL automation;Ensemble methods;Feature engineering;GCP;Hadoop;Java/Scala;Leadership;Machine Learning;NLP;PowerBI;Predictive modeling;Python;R;Regression;Reinforcement Learning;SQL;Spark;Tableau
Data Scientist,"Basic ML algorithms: regression, classification, clustering;Basic ML: classification, regression, clustering;Big Data;Classification;Clustering;Data Analysis;Data Scientist;Data preprocessing;Data wrangling;Deep Learning;ETL pipelines;Ensemble methods;Hadoop;Java/Scala;Machine Learning;Matplotlib;MongoDB;MySQL;NLP;NumPy;Pandas;PostgreSQL;PowerBI;Python;Python (advanced);R;Regression;Reinforcement Learning;SQL;Seaborn;Spark;Tableau;Visualization"
DevOps Cloud Architect,AWS;Automation;Azure;Azure DevOps;CI/CD;CI/CD pipelines;Cloud Architecture;DevOps;Docker;Kubernetes;Python;Terraform
DevOps Engineer,API automation;AWS;AWS awareness;AWS basics;Ansible;Ansible awareness;Automation;Azure;Azure awareness;Azure basics;Bash;Bash basics;CI/CD;CI/CD basics;Chef;CircleCI;Cloud;Containerization;DevOps;DevSecOps;Docker;Docker Swarm;ELK stack;Entry-Level;Experienced;Fresher;GCP;GCP awareness;GCP basics;Git;GitHub/GitLab;GitLab CI;Grafana;Helm;Jenkins;Kubernetes;Linux basics;Linux fundamentals;Linux/Unix;Microservices;Prometheus;Puppet;Python;Python basics;Python fundamentals;Senior-Level;Terraform;Terraform awareness;Terraform/Ansible awareness
Digital Marketing Specialist,"A/B Testing;AI Marketing Tools;AI marketing tools;AI-driven marketing;AI-driven marketing and personalization;AI-driven marketing solutions;AI-driven marketing strategies;AI-driven personalization;AI-driven personalization and marketing automation;AI-powered marketing solutions;AI-powered marketing tools;Adaptability;Advanced SEO and SEM;Advanced analytics (Google Analytics, Tableau, Mixpanel);Advanced digital campaigns;Advanced digital marketing campaigns;Advanced digital marketing strategies;Advanced digital marketing strategy;Analytics;Analytics (GA, Tableau, Mixpanel);Analytics and reporting;Analytics and reporting (GA, Tableau, Mixpanel);Analytics and reporting (Google Analytics, Tableau, Mixpanel);Basic marketing automation;Blogging;Blogging and copywriting;Brand Management;Brand Strategy;Brand and UX strategy;Brand management;Brand management and UX integration;Brand strategy;Brand strategy and UX design;Brand strategy and UX design integration;Brand strategy and UX integration;Budget and ROI management;Budget and ROI optimization;Budget management;Budget management and ROI optimization;Budget management and ROI tracking;Budget optimization;Budget planning;Budget planning and ROI optimization;CMS;CMS (WordPress);CMS (WordPress) basics;CMS knowledge;CMS tools;CMS tools (WordPress);CRM and automation tools (HubSpot, Marketo, Salesforce);CRM and marketing automation tools;CRM tools (HubSpot, Marketo, Salesforce);CRM tools (HubSpot, Salesforce);CRM tools (HubSpot, Salesforce, Marketo);Campaign Management;Campaign Optimization;Communication;Communication skills;Content Creation;Content Marketing;Content and social media campaigns;Content and social media marketing;Content creation;Content creation and copywriting;Content creation and social media marketing;Content marketing;Content marketing and social media strategy;Content marketing strategy;Conversion Optimization;Conversion Rate Optimization;Conversion rate optimization;Copywriting;Creativity;Cross-channel campaign coordination;Cross-channel campaign management;Data-Driven Marketing;Data-driven campaign optimization;Data-driven campaign strategies;Data-driven decision making;Data-driven decisions;Data-driven marketing;Data-driven marketing decisions;Data-driven optimization;Data-driven strategy implementation;Digital Marketing;Digital advertising basics;Digital campaign strategy;Digital marketing strategy;Digital strategy development;Email Marketing;Email automation;Email automation and personalization;Email automation tools (HubSpot, Marketo);Email marketing (Mailchimp, HubSpot basics);Email marketing automation;Email marketing basics;Email marketing tools (Mailchimp, HubSpot) basics;Email marketing tools basics;Emerging Technologies;Emerging marketing technologies;Emerging marketing technologies (AI-driven personalization);Facebook Ads Manager;Facebook Ads Manager basics;Google Ads;Google Ads and Facebook Ads basics;Google Ads basics;Google Analytics;Google Analytics basics;Instagram and LinkedIn marketing basics;Instagram marketing basics;Instagram, LinkedIn basics;Lead Generation;Lead generation;Lead generation and CRM integration;Lead generation and CRM management;Lead generation and CRM tools;Lead generation and nurturing;LinkedIn marketing basics;Marketing Automation;Marketing Strategy;Marketing Tools;Marketing analytics (GA, Tableau, Mixpanel);Marketing analytics (Google Analytics, Tableau, Mixpanel);Marketing analytics (Tableau, Mixpanel, GA);Marketing analytics and reporting;Marketing automation tools (HubSpot, Marketo, Salesforce);Multi-channel campaign coordination;Multi-channel campaign integration;Multi-channel campaign management;Multi-channel marketing strategy;PPC;PPC campaign optimization;PPC campaigns;PPC campaigns management;SEM;SEM basics;SEO;SEO and SEM fundamentals;SEO and SEM optimization;SEO fundamentals;SEO, SEM, PPC;SEO, SEM, PPC campaigns;SEO, SEM, PPC optimization;SEO/SEM fundamentals;SEO/SEM/PPC campaign management;SEO/SEM/PPC management;SEO/SEM/PPC optimization;Social Media;Social Media Marketing;Social media campaigns;Social media marketing;Social media marketing basics;Strategic digital marketing planning;Team collaboration;Team leadership;Team leadership and mentoring;Team leadership and mentorship;Team management;Teamwork;UX Design;UX Integration;UX and UI design integration;UX design integration;UX integration;UX/UI;UX/UI Integration;UX/UI integration"
Enterprise Cloud Architect,Cloud Strategy;Cloud strategy;Enterprise Cloud;Kubernetes;Leadership;Multi-cloud architecture;Serverless;Serverless computing;Terraform
Enterprise Network Engineer,Cisco ASA;EIGRP;Enterprise Networking;F5 Load Balancer;MPLS;QoS
Entry Level Data Scientist,"Basic ML: classification, regression, clustering;Data Analysis;Data Scientist;Data cleaning;Data wrangling;Machine Learning;Matplotlib;MongoDB;MySQL;NumPy;Pandas;PostgreSQL;Python;R;SQL;Seaborn;Visualization"
Entry-Level ML Engineer,"Data Preprocessing;Data preprocessing;Entry-Level ML Engineer;Feature engineering;Git/GitHub;Java;ML Models;ML basics: classification, regression, clustering, decision trees;ML libraries: Scikit-learn, TensorFlow, PyTorch;Python;R;Statistics: probability, linear algebra;Visualization;Visualization: Matplotlib, Seaborn"
Entry-Level Network Analyst,DNS;Nagios;Network Analysis;Subnetting;TCP/IP;Wireshark
Entry-Level Security Analyst,C++;Firewall Configuration;Incident Response;Malware Analysis;Metasploit;Risk Assessment Basics;Risk Management;Snort;Vulnerability Assessment;Windows Security
Entry-level Android Developer,Android Studio;Git;Java;Kotlin;Material Design;REST API;SQLite;UI/UX Design;XML
Entry-level iOS Developer,Cocoa Touch;Objective-C;Simulator;Swift;UI/UX Basics;UI/UX Design;Xcode;iOS SDK
Ethical Hacker,"Advanced Python, C/C++;Advanced Python, C/C++, JavaScript;Advanced network security;Advanced networking;Analytical skills;Analytical thinking;Bash scripting;Bash scripting basics;Bash, PowerShell;Bash, PowerShell scripting;Basic cryptography knowledge;Basic cryptography understanding;Basic knowledge of Nmap, Burp Suite;Basic vulnerability assessment;Burp;Burp Suite;Communication;Compliance (NIST, ISO);Compliance and risk assessment;Compliance awareness;Compliance frameworks;Cryptography;Cryptography and SSL/TLS;Cryptography fundamentals;Cryptography, SSL/TLS;Ethical Hacking;Ethical awareness;Ethical compliance;Ethical mindset;Expert network and web security;Expert network security;Familiarity with Metasploit and Burp Suite;Familiarity with Metasploit, Wireshark;Familiarity with Nmap and Wireshark;Familiarity with Nmap, SQLMap;Introduction to penetration testing;Introductory penetration testing;Leadership;Linux;Linux (Kali Linux/Parrot OS) basics;Linux (Kali, Parrot) expert;Linux (Kali/Parrot OS) basics;Linux (Kali/Parrot) advanced;Linux and Windows OS basics;Linux and Windows OS expert;Linux and Windows expert;Linux and Windows security;Linux and Windows security expert;Linux expert;Linux/Windows OS expert;Linux/Windows OS fundamentals;Linux/Windows expert;Malware Analysis;Malware analysis;Malware analysis and reverse engineering;Metasploit;Metasploit, Burp Suite, Nmap, SQLMap;Metasploit, Burp Suite, Nmap, SQLMap, Wireshark;Metasploit, Burp Suite, Nmap, Wireshark;Metasploit, Burp Suite, Nmap, Wireshark, SQLMap;Metasploit, Nmap, Burp Suite, SQLMap;Metasploit, Nmap, Burp Suite, SQLMap, Wireshark;Network Security;Network and application security;Network and application security expert;Network and web security;Network and web security expert;Network penetration testing;Network security expert;Networking basics;Networking fundamentals;Nmap;Penetration Testing;Penetration testing;Penetration testing and vulnerability assessment;Penetration testing fundamentals;Problem-solving;Project management;Python;Python basics;Python, C/C++, JavaScript;Python, C/C++, JavaScript advanced;Reverse engineering;Risk assessment;SQLMap;Security frameworks (NIST, ISO);Teamwork;Vulnerability assessment;Vulnerability assessment basics;Vulnerability scanning;Vulnerability scanning basics;Web Security;Web app security;Web app security basics;Web app security testing;Web application and network security;Web application security;Web application security basics;Web security testing;Windows Security;Windows security and AD;Windows security and Active Directory;Windows security basics;Windows security expert;Wireshark"
Fintech Engineer,"API & microservices architecture;API & microservices design;API Architecture;API Integration;API and microservices architecture;API architecture;API architecture and microservices;API design;API design and microservices;API integration basics;API integration fundamentals;AWS;AWS & Azure cloud;AWS basics;AWS/Azure basics;Adaptability;Agility;Azure basics;Blockchain;Blockchain & smart contracts;Blockchain Technology;Blockchain and DLT;Blockchain and smart contracts;Blockchain basics;Blockchain development;Blockchain fundamentals;Blockchain implementation;Cloud Computing;Cloud basics (AWS/Azure);Cloud computing (AWS, Azure);Cloud computing AWS/Azure;Cloud platforms (AWS, Azure);Cloud platforms AWS/Azure;Collaboration;Communication;Cross-functional collaboration;Cross-functional team collaboration;Cybersecurity;Cybersecurity and compliance;Cybersecurity awareness;Cybersecurity basics;Cybersecurity compliance;Cybersecurity expertise;Cybersecurity fundamentals;Data Analysis;Data analysis basics;DevOps;DevOps automation;DevOps in fintech;DevOps practices;Financial Analysis;Financial Modeling;Financial analysis;Financial analysis and modeling;Financial data analysis;Financial domain knowledge;Financial knowledge basics;Financial modeling;Financial modeling and analysis;Financial modeling and forecasting;Financial products knowledge;Financial products understanding;Innovation;Innovation management;Innovation strategies;Intro to ML;Intro to machine learning;Introductory ML;Introductory data science;Introductory machine learning;JavaScript advanced;JavaScript basics;Leadership;ML analytics;Machine Learning;Machine learning and AI analytics;Machine learning basics;Machine learning for analytics;Machine learning predictive analytics;Machine learning predictive modeling;Microservices architecture;Microservices design;Predictive modeling and automation;Problem-solving;Project leadership;Project management;Python;Python advanced;Python basics;Quantitative modeling;Regulatory Compliance;SQL;SQL advanced;SQL basics;SQL fundamentals;Smart Contracts;Smart contract development;Smart contracts;Smart contracts development;Smart contracts implementation;Stakeholder collaboration;Stakeholder management;Strategic planning;Team leadership;Team management;Teamwork"
Fresher Data Scientist,"Basic ML: classification, regression, clustering;Data Scientist;Data Visualization;Entry Level;Machine Learning;Matplotlib;MongoDB;MySQL;NumPy;Pandas;Python;R;SQL;Seaborn"
Fresher ML Engineer,"Data Preprocessing;Data preprocessing;Data visualization: Matplotlib, Seaborn;Feature engineering;Fresher ML Engineer;Git/GitHub;Java;ML Projects;ML frameworks: Scikit-learn, TensorFlow, PyTorch, Keras;ML fundamentals: regression, classification, clustering, decision trees;Python;R;Statistics: probability, linear algebra;Visualization"
Frontend Developer,"AI Dashboards;Advanced React;Advanced React (Hooks, Redux);Angular;Angular basics;Bootstrap;Browser Developer Tools;CI/CD;CSS;CSS3;Dashboard Development;E-commerce;Enterprise Web Applications;Entry-Level;Fresher;Frontend;Git;HTML;HTML5;JavaScript;JavaScript (ES6+);Lazy loading;Media Streaming;Mid-Senior;PWA;Performance optimization;Performance tuning;React;React basics;React/Redux;Responsive Design;SPA;SPA Development;SPA/PWA;SaaS Development;Senior;Tailwind CSS;Testing automation;UI;UI Development;Unit & E2E testing;Unit/Integration/E2E testing;Vue.js;Vue.js basics;Web Application Development;Web Applications;Web Apps;Web Development"
Full Stack Developer,Agile;Angular;Backend;CI/CD;CSS;CSS3;Cloud;Cloud Development;Cloud Platforms;Django;Django/Flask;Docker;E-commerce;Enterprise Applications;Entry-Level;Experienced;Fintech;Flask;Fresher;Frontend;Full Stack Developer;Git;HTML;HTML5;JavaScript;JavaScript (ES6+);Kubernetes;Microservices;Mid-Level;MongoDB;MySQL;NoSQL;Node.js;PostgreSQL;Python (Django/Flask);RESTful API design;RESTful APIs;React;Redux;SQL;Security;Serverless;TypeScript;Vue.js;Web Development;Web Security
Game Developer,AI and gameplay systems;AI programming;AI/gameplay systems;Adaptability;Advanced AI and gameplay;Advanced AI and gameplay systems;Advanced AI/gameplay systems;Advanced gameplay and AI;Advanced gameplay and AI systems;Advanced gameplay systems;Animation basics;Animation fundamentals;C#;C# advanced;C# basics;C# expert;C++;C++ advanced;C++ basics;C++ expert;Communication;Creativity;Cross-platform deployment;Cross-platform development;Debugging;Debugging and profiling;Debugging basics;DirectX basics;DirectX/OpenGL basics;Game AI;Game Design;Game Mechanics;Game mechanics basics;Game mechanics fundamentals;Gameplay systems;Gameplay systems and AI;Gameplay systems development;Git;Git basics;Godot basics;Graphics Programming;Graphics and performance optimization;Graphics optimization;Java advanced;Java basics;Leadership;Mobile game awareness;Mobile/console development basics;Mobile/console platform awareness;Multiplayer;Multiplayer networking;OpenGL basics;Performance Optimization;Performance optimization;Performance profiling;Physics;Physics and animation basics;Physics and collision basics;Physics and collision handling;Physics and collision systems;Physics basics;Physics simulation;Project management;Python advanced;Python basics;Shader Programming;Shader programming;Shader programming HLSL/GLSL;Team collaboration;Teamwork;Testing and debugging;Testing frameworks;Testing/debugging;Unity;Unity basics;Unity expert;Unreal Engine;Unreal Engine basics;Unreal Engine expert
Graduate Network Engineer,Basic Routing;LAN/WAN;Python Automation;Python Scripting Basics;Routing;Switching
Graduate Security Analyst,Antivirus;Firewall Configuration;Incident Response;Malware Analysis;NIST;NIST Basics;Network Security;Python Basics;Snort;Windows/Linux Basics
Graduate iOS Developer,App Development;Cocoa Touch;Git;MVC;Swift;UIKit;Xcode
Graphic Designer,3D Design;3D Design Basics;AI Design Tools;AR/VR Design;Adaptability;Adobe Creative Suite;Adobe Illustrator;Adobe InDesign;Adobe Photoshop;Adobe XD;Advanced Adobe Photoshop;Advanced Photoshop;After Effects;Animation;Basic Figma;Basic HTML/CSS;Branding;Color Theory;Communication;Creativity;Digital Assets;Figma;Figma Basics;Graphic Design;Illustrator;InDesign;Motion Graphics;Photoshop;Time Management;Typography;UI/UX Design;Web Design;Web Design Basics;Web and Mobile Design
Hybrid Cloud Architect,AWS;Azure;Cloud Architecture;Hybrid Cloud;Hybrid cloud design;Networking;Python;Terraform
IT Support - Networking Focus,DNS;IT Support;LAN/WAN;Network Troubleshooting;Networking;TCP/IP;Troubleshooting
Information Security Analyst,Firewall Basics;Firewall Configuration;GDPR;GDPR Basics;Incident Response;Nessus;Python;SIEM;Snort;Vulnerability Assessment
Information Security Specialist,Incident Response;Python;QRadar;SIEM;SOC;Splunk;Threat Intelligence;Vulnerability Assessment;Vulnerability Management
Infrastructure Network Engineer,Cisco Prime;LAN/WAN;LAN/WAN Design;Nagios;Python;Python Automation;QoS
IoT Engineer,"AWS IoT advanced;AWS IoT basics;AWS, Azure, GCP IoT;Actuator integration;Advanced C programming;Advanced C, C++;Advanced sensor integration;Agile awareness;Agile methodology awareness;Azure IoT advanced;Azure IoT basics;Bluetooth;Bluetooth and Zigbee protocols;C advanced;C basics;C++ advanced;C++ basics;C, C++ advanced;C, C++ expert;CI/CD;CI/CD automation;CI/CD pipelines;Cloud Integration;Cloud IoT;Cloud IoT basics;Cloud platforms (AWS, Azure, GCP);Cloud platforms AWS/Azure/GCP;CoAP;CoAP basics;Communication;Cross-functional collaboration;Cross-team collaboration;Data Pipelines;Data analytics;Data pipelines and analytics;Edge Computing;Edge computing;Embedded Firmware;Embedded Systems;Embedded firmware;Embedded firmware and hardware interfacing;Embedded firmware design;Embedded firmware development;Embedded firmware optimization;Embedded firmware understanding;Embedded systems design;Embedded systems development;GCP IoT advanced;Google Cloud IoT basics;IPv6 basics;IoT Architecture;IoT Protocols;IoT architecture;IoT architecture and deployment;IoT architecture and design;IoT architecture design;IoT system architecture;Java advanced;Java basics;Leadership;LoRa basics;LoRaWAN;MQTT;MQTT basics;MQTT, CoAP, LoRaWAN, NB-IoT;Machine Learning;Machine learning;Machine learning integration;Network optimization;Network security;Network security and optimization;Power BI basics;Problem-solving;Project execution;Project management;Project strategy;Python;Python advanced;Python basics;Python, Java;Real-time analytics;Real-time analytics and ML;Real-time analytics and ML integration;Real-time data analytics;Security;Sensor Integration;Sensor and actuator integration;Sensor fusion and actuator control;Sensor fusion and actuator integration;Sensor integration;Sensor integration and actuator management;Strategic planning;TCP/IP basics;TCP/IP, IPv6;Tableau basics;Team collaboration;Team management;Teamwork;Zigbee;Zigbee basics"
Java Developer,APIs;Advanced Java;Advanced SQL;Agile;Angular;Angular/React;Basic REST API knowledge;CI/CD;CSS;Cassandra;Collections;Collections Framework;Concurrency;Concurrency Basics;Core Java;Database;Database Basics;Database Management;Database Tuning;Debugging;Docker;Encapsulation;Exception Handling;File Handling;Git;Gradle;HTML;HTML/CSS;Hibernate;Hibernate Basics;Inheritance;JDBC;JPA;JSP;JUnit;JUnit Basics;JVM;JVM Internals;Java;Java APIs;Java Collections;Java Developer;Java I/O;JavaScript;JavaScript Basics;Jenkins;Kafka;Kubernetes;Leadership;Maven;Mentoring;Microservices;Mockito;MongoDB;Multithreading;Multithreading Basics;Networking Basics;NoSQL;OOP;Performance Optimization;Performance Tuning;Polymorphism;Problem Solving;REST APIs;RESTful APIs;SOAP;SOAP APIs;SQL;SQL (MySQL/PostgreSQL);SQL Basics;SQL Queries;SVN;Selenium;Servlets;Spring;Spring Basics;Spring Boot;Spring Framework Basics;System Design;Team Collaboration;Teamwork;TestNG;TestNG Basics;Testing;Version Control (Git);Version Control (Git/SVN);Web Development
JavaScript Developer,"AJAX;AJAX/JSON;Adaptability;Advanced JavaScript;Advanced performance optimization;Angular;Angular basics;Async programming;CI/CD;CI/CD basics;CI/CD pipelines;CSS3;CSS3 basics;Communication;Core JavaScript ES6+;Cross-team collaboration;Docker;Docker basics;Docker, CI/CD;ES6+;Express.js;Git;Git basics;GraphQL;HTML5;HTML5 basics;JSON;JavaScript;JavaScript ES6+;JavaScript advanced;JavaScript expert;Jest;Jest, Cypress;Jest, Cypress, Mocha;Jest, Mocha, Cypress;Leadership;Node.js;Performance optimization;Performance tuning;Problem-solving;Project management;REST API;REST API basics;REST API development;REST API integration;REST API knowledge;REST API, GraphQL;REST API/GraphQL;REST APIs;REST APIs, GraphQL;React;React basics;React, Angular, Vue.js;Redux;Redux, Vuex;Redux/Vuex;Responsive design;Team collaboration;Team management;Teamwork;Testing frameworks (Jest, Cypress, Mocha);Testing frameworks (Jest, Mocha, Cypress);Testing frameworks: Jest, Mocha, Cypress;TypeScript;Vue.js;Vue.js basics;Web performance optimization;Webpack;Webpack, Babel;Webpack, Babel, npm, Yarn;npm, Yarn"
Junior Android Developer,Android Studio;Git;Java;Kotlin;Material Design;REST API;SQLite;UI/UX Design;XML
Junior Android Engineer,Android Studio;Git;Java;Kotlin;Material Design;REST API;REST APIs;SQLite;UI/UX Basics;UI/UX Design;XML
Junior Cloud Engineer,AWS;Automation;Azure;CI/CD;CI/CD introduction;Cloud Computing;Cloud networking;Docker;Docker basics;Kubernetes;Kubernetes fundamentals;Python scripting;Scripting
Junior Data Scientist,"Analytics;Basic ML: logistic regression, decision trees, K-means;Data Scientist;Data Visualization;Excel;ML Models;Matplotlib;MySQL;NumPy;Pandas;PostgreSQL;Python;R;SQL;Seaborn"
Junior Interaction Designer,Adobe XD;Figma;Interaction Design;Prototyping;Prototyping Basics;Sketch;Typography;User Research;User Research Fundamentals;Wireframing
Junior Machine Learning Engineer,"Basic ML models: decision trees, K-means, logistic regression;Data Preprocessing;Data preprocessing;Data visualization: Matplotlib, Seaborn;Feature engineering;Git/GitHub;Java;Junior ML Engineer;Kaggle Projects;ML Models;ML frameworks: Scikit-learn, TensorFlow, PyTorch, Keras;ML fundamentals: regression, classification, clustering, decision trees;Machine Learning Engineer;Matplotlib;MongoDB;MySQL;NumPy;Pandas;Python;R;SQL;Seaborn;Statistics: probability, linear algebra;Visualization"
Junior Network Engineer,Cisco IOS;Cisco Routers;Cisco Switches;DHCP;DNS;LAN/WAN;Network Engineer;Subnetting;TCP/IP;Wireshark
Junior Security & Network Engineer,Cisco Routers;Firewall;Firewall Basics;IDS/IPS;IDS/IPS Intro;VPN;Wireshark
Junior Security Analyst,Cryptography;Cryptography Fundamentals;Firewall Configuration;ISO 27001;ISO 27001 Basics;Incident Response;JavaScript Basics;Malware Analysis;Metasploit;Risk Assessment;SIEM;Team Collaboration;Windows Security;Wireshark
Junior Swift Developer,Agile;Git;Objective-C Basics;Swift;UI/UX;UI/UX Guidelines;Xcode;iOS Mobile Development
Junior System Engineer,AWS Fundamentals;Bash Scripting;Cloud Basics;Linux;Linux Basics;Python;System Engineer;System Support;TCP/IP;Troubleshooting;VMware;VirtualBox;Windows Server;Windows Server Basics
Junior UX Analyst,Figma;InVision;Prototyping;User Flows;User Research;User Research Basics;Wireframes;Wireframing
Junior UX Designer,Adobe XD;Basic Usability Testing;Color Theory;Figma;InVision;Information Architecture;Layout Design;Usability Testing;User Research;Wireframing
Junior iOS Developer,Cocoa Touch;Git;Interface Builder;JSON Handling;Objective-C;REST APIs;Swift;Unit Testing;iOS SDK
Lead Android Engineer,Agile;Android NDK;Android Studio;CI/CD;Clean Architecture;Dagger;Debugging;Dependency Injection;Firebase;Java;Jetpack;Kotlin;MVVM;Material Design;Performance Optimization;Play Store;REST API;Room;Unit Testing
Lead Cloud Solutions Architect,AWS;Azure;Cloud Strategy;Cloud cost optimization;Leadership;Microservices;Microservices design;Multi-cloud strategy;Python;Serverless;Serverless architecture;Stakeholder management;Terraform
Lead Cybersecurity Analyst,Cloud Security;Compliance;Leadership;Risk Management;SIEM;Splunk;Team Leadership;Threat Hunting
Lead Data Scientist,AI;AWS;Azure;Big Data;Classification;Data Science;ETL automation;Ensemble methods;Feature Engineering;Git;Hadoop;Java/Scala;Jupyter;Leadership;Machine Learning;NLP;PowerBI;Python;R;Regression;Reinforcement Learning;SQL;Spark;Tableau
Lead ML/AI Engineer,"Advanced ML/DL: deep learning, reinforcement learning, NLP, computer vision, transfer learning;Big Data;Big data: Hadoop, Spark;Cloud Deployment;Feature engineering, ETL pipelines;Frameworks: TensorFlow, PyTorch, Keras, Scikit-learn (advanced), ONNX;Java;Lead ML/AI Engineer;Leadership;ML/DL;MLOps;MLOps: CI/CD pipelines, monitoring, cloud deployment (AWS/GCP/Azure);Python;R;SQL;Scala"
Lead Machine Learning Engineer,"Advanced ML/DL: deep learning, reinforcement learning, NLP, computer vision, transfer learning;Big Data;Big data: Hadoop, Spark;Cloud Deployment;Feature engineering, ETL pipelines;Frameworks: TensorFlow, PyTorch, Keras, Scikit-learn (advanced), ONNX;Java;Lead ML Engineer;Leadership;ML/DL;MLOps;MLOps: CI/CD, monitoring, cloud deployment (AWS/GCP/Azure);Python;R;SQL;Scala"
Lead Machine Learning Scientist,AI;AWS;Azure;Big Data;Deep Learning;ETL automation;Ensemble methods;Feature engineering;Hadoop;Java/Scala;Leadership;Machine Learning;NLP;PowerBI;Python;R;Reinforcement Learning;SQL;Spark;Tableau
Lead Network Engineer,Cisco Nexus;F5;F5 Load Balancer;Lead Engineer;Leadership;MPLS;Palo Alto Firewalls;Team Leadership
Lead System Engineer,Cloud Strategy;Enterprise Architecture;Enterprise Systems;Leadership;Linux;System Architecture;Windows Server
Lead UX Designer,Accessibility;Agile;Axure;Design Thinking;Figma;InVision;Information Architecture;Prototyping;Usability Testing;WCAG Standards
Lead iOS Engineer,Agile;CI/CD;Core Text;CoreGraphics;JIRA;Mentoring;Objective-C;Swift
ML Engineer,"Data Preprocessing;Data preprocessing;Data visualization: Matplotlib, Seaborn;Feature engineering;Git/GitHub;Java;ML Engineer Trainee;ML Intern;ML Models;ML Pipelines;ML fundamentals: classification, regression, clustering, supervised/unsupervised learning;ML fundamentals: supervised/unsupervised learning, classification, regression, clustering;ML libraries: Scikit-learn, TensorFlow, PyTorch;ML libraries: Scikit-learn, TensorFlow, PyTorch, Keras;MLOps;Python;R;Statistics and probability;Statistics: probability, linear algebra;Visualization;Visualization: Matplotlib, Seaborn"
Machine Learning Engineer,"Big Data;Big data: Hadoop, Spark;Cloud Deployment;Data Preprocessing;Data preprocessing;Data visualization: Matplotlib, Seaborn;Feature engineering;Feature engineering and ETL automation;Frameworks: TensorFlow, PyTorch, Keras, Scikit-learn (advanced), ONNX;Git/GitHub;Java;Keras;ML frameworks: Scikit-learn, TensorFlow, PyTorch, Keras;ML fundamentals: supervised/unsupervised learning, regression, classification, clustering, decision trees;ML/DL;ML/DL: supervised/unsupervised learning, deep learning, reinforcement learning, NLP, computer vision, transfer learning;MLOps;MLOps: CI/CD pipelines, model monitoring, cloud deployment (AWS/GCP/Azure);Machine Learning Engineer;PyTorch;Python;Python (advanced);R;SQL;Scikit-learn;Statistics: probability, linear algebra;TensorFlow;Visualization"
Machine Learning Scientist,AI;AWS;Azure;Big Data;Classification;Deep Learning;ETL pipelines;Feature engineering;Hadoop;Java/Scala;Leadership;Machine Learning;NLP;PowerBI;Python;R;Regression;Reinforcement Learning;SQL;Spark;Tableau
Market Research Analyst,Advanced Analytics;Advanced Data Analysis;Advanced Statistical Analysis;Attention to Detail;Basic Statistical Analysis;Business Strategy;Communication;Competitive Analysis;Competitive Intelligence;Consumer Behavior;Consumer Behavior Analysis;Critical Thinking;Data Analysis;Data Analysis Basics;Data Collection;Data Storytelling;Data Visualization;Data Visualization Basics;Excel;Excel Advanced Functions;Forecasting;Market Research;Market Segmentation;Power BI;Predictive Analytics;Predictive Modeling;Presentation Skills;Python;Python Basics;Qualitative Research;R;Regression;Regression Analysis;Report Writing;SAS;SPSS;SQL;Statistical Analysis;Survey Design;Tableau;Time Management
Marketing Specialist,"AI Marketing Tools;AI-driven marketing tools;AI-driven personalization;AI-powered marketing personalization;AI-powered marketing tools;Adobe Creative Suite basics;Advanced SEO/SEM;Advanced SEO/SEM/PPC;Advanced digital marketing;Advanced digital marketing strategies;Advanced marketing strategy;Analytics;Analytics (GA, Tableau);Analytics (Google Analytics, Tableau);Analytics and ROI optimization;Analytics and ROI reporting;Analytics and reporting;Blogging;Brand Management;Brand management;Budget Management;Budget allocation;Budget and ROI analysis;Budget and ROI management;Budget management;Budget optimization;Budget planning and optimization;Campaign Coordination;Campaign Management;Campaign Optimization;Campaign coordination;Campaign management;Campaign optimization;Canva and Adobe Creative Suite;Canva and WordPress basics;Collaboration;Collaboration and communication;Content Creation;Content Marketing;Content and social media marketing;Content creation;Content creation and social media strategy;Content creation and strategy;Content marketing;Content marketing and creation;Copywriting;Creative;Creative design tools;Data Analysis;Data analysis (Google Analytics, Tableau);Data analysis basics;Data analytics and reporting;Data-driven analytics;Data-driven decision making;Digital Marketing;Digital campaigns management;Digital marketing campaigns;Digital marketing fundamentals;Digital marketing strategy;Digital strategy development;Email Marketing;Email automation;Email campaigns;Email marketing;Email marketing and automation;Email marketing automation;Email marketing basics;Email marketing tools;Emerging marketing technologies;Emerging marketing technologies (AI tools, personalization);Emerging technologies in marketing;Event Management;Event coordination;Event management;Google Analytics;Google Analytics basics;Lead Generation;Lead generation;Lead generation and multi-channel campaigns;Lead generation campaigns;Lead nurturing;Leadership;Leadership and team management;Market Research;Market research;Marketing Automation;Marketing analytics;Marketing analytics and reporting;Marketing automation;Marketing automation tools (Mailchimp, HubSpot);Marketing strategy;Marketing strategy and planning;Multi-channel Marketing;Multi-channel campaign management;Multi-channel campaign planning;Multi-channel campaigns;Multi-channel marketing campaigns;PPC;PPC ads;PPC campaigns;PPC campaigns management;PPC management;SEM;SEM basics;SEO;SEO basics;SEO, SEM, PPC;SEO, SEM, PPC expertise;SEO/SEM;SEO/SEM and PPC campaigns;SEO/SEM optimization;SEO/SEM/PPC;SEO/SEM/PPC campaigns;SEO/SEM/PPC management;SEO/SEM/PPC optimization;Social Media;Social media basics;Social media management;Social media marketing;Social media platforms;Social media strategy;Strategic marketing planning;Team Collaboration;Team Leadership;Team collaboration;Team communication;Team coordination;Team leadership;Team leadership and collaboration;Time management;Video Marketing;Video production basics"
Multi-Cloud Architect,AWS;Azure;Cloud Architecture;GCP;Kubernetes;Leadership;Microservices architecture;Multi-Cloud;Terraform
Network,Cisco IOS;DHCP;Internship;Subnetting;VPN Basics
Network Automation Engineer,Ansible;Automation;Bash;Cisco IOS;Python
Network Engineer,BGP;Cisco Nexus;MPLS;OSPF;QoS;SolarWinds
Network Operations Center (NOC) Engineer,Incident Management;Incident Response;NOC;Nagios;Network Monitoring;SolarWinds;TCP/IP
Network Security Engineer,Cisco ASA;Cryptography;Firewall;Firewalls;IDS/IPS;Network Security;VPN
Network Support Engineer,BGP (Intro);Firewall Basics;Network Support;OSPF;Routing Basics;SolarWinds;Troubleshooting;VPN;VPN Setup
Operations Manager,Adaptability;Basic ERP/CRM Knowledge;Basic Team Coordination;Basic Workflow Management;Budget Management;Budget Monitoring;Budget Oversight;Budgeting;CRM;Collaboration;Communication;Cross-Functional Collaboration;Cross-Functional Coordination;Data Analysis;Data Reporting;Data Reporting Basics;Data-Driven Decisions;ERP;ERP Systems;ERP/CRM Basics;ERP/CRM Systems;ERP/CRM Tools;Financial Reporting;KPI Monitoring;KPI Reporting;KPI Tracking;Lean Management;Observation;Operations Management;Problem Solving;Problem-Solving;Process Automation;Process Awareness;Process Improvement;Process Observation;Process Optimization;Report Preparation;Reporting;Resource Allocation;Resource Optimization;Resource Planning;Scheduling;Six Sigma;Staff Development;Strategic Planning;Team Coordination;Team Leadership;Team Management;Time Management;Workflow Automation;Workflow Awareness;Workflow Improvement;Workflow Management;Workflow Observation;Workflow Optimization
Principal Android Developer,Agile;Android NDK;Android Studio;CI/CD;Clean Architecture;Dagger;Debugging;Dependency Injection;Firebase;Java;Jetpack;Kotlin;MVVM;Material Design;Performance Optimization;Play Store;REST API;Room;Unit Testing
Principal Android Engineer,Agile;Android NDK;Android Studio;CI/CD;Clean Architecture;Dagger;Debugging;Dependency Injection;Firebase;Java;Jetpack;Kotlin;MVVM;Material Design;Performance Optimization;Play Store;REST API;Room;Unit Testing
Principal Data Scientist,AI;AWS;Big Data;Data Science;Deep Learning;ETL automation;Ensemble methods;Feature engineering;GCP;Hadoop;Java/Scala;Leadership;Machine Learning;NLP;PowerBI;Predictive modeling;Python;R;Reinforcement Learning;SQL;Spark;Tableau
Principal Machine Learning Engineer,"Advanced ML/DL: deep learning, reinforcement learning, NLP, computer vision, transfer learning;Big Data;Big data: Hadoop, Spark;Cloud Deployment;Feature engineering, ETL automation;Frameworks: TensorFlow, PyTorch, Keras, Scikit-learn (advanced), ONNX;Java;Leadership;ML/DL;MLOps;MLOps: CI/CD pipelines, model monitoring, cloud deployment (AWS/GCP/Azure);Principal ML Engineer;Python;R;SQL;Scala"
Principal Network Engineer,Architecture;Architecture Design;Cisco Nexus;Leadership;Palo Alto;Principal Engineer;Project Management;Team Leadership
Principal Security Analyst,Advanced Threat Detection;Cloud Security;Compliance;Leadership;Risk Management;SIEM;SIEM Tools;Threat Hunting
Principal UX Designer,A/B Testing;Design Systems;Figma;InVision;Interaction Design;Leadership;Sketch;User Research
Principal iOS Developer,App Performance Optimization;CI/CD;Core Animation;MVVM;Objective-C;Performance Optimization;Swift
Product Designer,A/B Testing;Accessibility;Adobe Creative Suite;Adobe Illustrator;Adobe Photoshop;Adobe XD;Agile;Agile Methods;Basic JavaScript;CSS;Collaboration;Color Theory;Creativity;Data Analytics;Data-Driven UX;Design Systems;Design Thinking;Figma;Front-End Collaboration;HTML;InVision;Information Architecture;Information Architecture Basics;Innovation;JavaScript;Leadership;Marvel;Mentoring;Product Design;Product Design Strategy;Product Innovation;Prototyping;Prototyping Basics;Responsive Design;Sketch;Stakeholder Alignment;Stakeholder Management;Teamwork;Typography;UI/UX;UI/UX Design;UX/UI;UX/UI Design;Usability Testing;User Flows;User Research;User Research Basics;User Testing;Wireframing
Product Manager,"A/B testing;Adaptability;Advanced analytics and A/B testing;Advanced data analysis;Agile;Agile (Scrum, Kanban basics);Agile Leadership;Agile facilitation;Agile knowledge;Agile leadership;Agile methodologies;Agile methodologies (Scrum, Kanban);Agile methodology knowledge;Backlog grooming;Basic data analytics;Basic product management concepts;Communication;Cross-Functional Collaboration;Cross-functional collaboration;Cross-functional leadership;Cross-functional team leadership;Customer Interviews;Customer-centric design awareness;Data Analysis;Data analysis (Excel, Google Analytics);Data analysis (Excel, SQL basics);Data analysis and A/B testing;Data analysis and experimentation;Data analysis and metrics interpretation;Data analytics fundamentals;Data-Driven Decisions;Data-driven decision making;Growth Metrics;Market Research;Market research;Market research and competitor analysis;Market research fundamentals;Metrics-driven growth;Metrics-driven growth optimization;Metrics-driven product growth;Performance optimization;Performance tracking;Problem-solving;Product Management;Product Strategy;Product lifecycle basics;Product lifecycle understanding;Product strategy basics;Product vision;Product vision and roadmap development;Product vision and roadmap planning;Product vision and strategic planning;Product vision and strategy;Resource allocation;Resource prioritization;Roadmap development;Roadmap development and execution;Roadmap execution;Roadmapping;Scrum and Kanban basics;Sprint planning;Stakeholder Communication;Stakeholder Management;Stakeholder communication;Stakeholder engagement;Stakeholder management;Strategic planning;Teamwork;Tools: Confluence, Figma;Tools: Figma, JIRA, Confluence;Tools: Figma, Mixpanel, Tableau, GA;Tools: JIRA, Confluence;Tools: JIRA, Confluence, Figma basics;Tools: JIRA, Confluence, Figma, Mixpanel, Tableau;Tools: JIRA, Confluence, Mixpanel, GA, Tableau;Tools: JIRA, Confluence, Tableau, Figma;Tools: JIRA, Confluence, Tableau, Mixpanel;Tools: JIRA, Figma;Tools: JIRA, Figma, Mixpanel, Tableau;UX;UX awareness;UX principles awareness;UX research and integration;UX research integration;UX/UI awareness;User Experience;User experience research;User research and UX integration;User research integration;User-Centered Design"
Project Manager,"Adaptability;Advanced budgeting and resource allocation;Advanced project management;Advanced project planning;Advanced project planning and execution;Advanced project planning and scheduling;Advanced project scheduling and planning;Advanced scheduling and budgeting;Advanced scheduling, budgeting, and resource allocation;Agile;Basic budgeting;Basic budgeting and resource allocation;Basic knowledge of Waterfall and Agile;Basic knowledge of project management methodologies (Agile, Scrum, Waterfall);Basic project planning;Basic project planning and scheduling;Budget Planning;Budget and resource management;Budgeting and resource allocation;Budgeting and resource management;Budgeting basics;Change management;Collaboration and teamwork;Communication;Communication and coordination;Communication and interpersonal skills;Communication skills;Conflict resolution;Critical thinking;Cross-functional collaboration;Dashboards;Data-driven decision making;Data-driven reporting;Data-driven reporting and dashboards;End-to-end project management;Familiarity with Jira and Trello;Familiarity with Jira, MS Project, Trello;Familiarity with MS Project and Trello;Familiarity with Microsoft Project, Jira, Trello;Familiarity with project tools (MS Project, Trello);Jira;KPI Tracking;KPI tracking;KPI tracking and reporting basics;Kanban;Microsoft Project;Multitasking;Problem-solving;Problem-solving and critical thinking;Project Management;Project Planning;Project lifecycle management;Project management methodology basics;Project planning and execution;Project scheduling and execution;Project strategy and execution;Reporting;Reporting and analytics;Reporting and dashboard creation;Reporting and dashboards;Reporting and documentation;Reporting basics;Resource Allocation;Resource allocation;Resource allocation basics;Risk Management;Risk and quality management;Risk and quality oversight;Risk assessment and mitigation;Risk management and mitigation;Scheduling and budgeting;Scrum;Stakeholder Communication;Stakeholder Engagement;Stakeholder Management;Stakeholder communication;Stakeholder communication and engagement;Stakeholder engagement;Stakeholder engagement and communication;Stakeholder engagement and negotiation;Stakeholder management;Stakeholder management and communication;Stakeholder management and negotiation;Strategic alignment;Strategic alignment with business goals;Strategic planning;Strategic project alignment;Strategic project management;Task and milestone tracking;Task scheduling;Team Collaboration;Team Leadership;Team collaboration;Team leadership;Team leadership and conflict resolution;Team leadership and mentoring;Team management and conflict resolution;Teamwork and collaboration;Time Management;Time management;Trello;Understanding of Agile and Scrum methodologies;Understanding of Agile, Scrum, Waterfall;Use of Jira, MS Project, Primavera;Use of MS Project, Primavera, Jira;Use of MS Project, Primavera, Jira, Trello;Use of PM tools (MS Project, Jira, Trello, Asana);Use of project management software (MS Project, Jira, Trello, Asana);Use of project management tools (MS Project, Jira, Trello);Use of project management tools (MS Project, Jira, Trello, Asana);Use of project management tools (MS Project, Primavera, Jira, Trello, Asana);Waterfall"
Python Developer,AWS;AWS basics;Adaptability;Async Programming;Async programming;CSS basics;Communication;Control flow;Data Science;Data types;Decorators;Django;Django advanced;Django basics;Docker;Docker basics;Exception handling;FastAPI;FastAPI basics;Flask;Flask advanced;Flask basics;Functions;Generators;Git;Git basics;GraphQL;GraphQL basics;HTML basics;Innovation;Innovation management;JavaScript basics;Kubernetes;Kubernetes basics;Leadership;Matplotlib basics;Metaprogramming;MongoDB basics;MySQL;NoSQL;NoSQL basics;NumPy;NumPy basics;OOP;OOP basics;Pandas;Pandas basics;PostgreSQL;Problem-solving;Project management;PyTest;PyTest advanced;PyTest basics;PyTorch;PyTorch basics;Python;Python advanced;Python basics;REST APIs;SQL;SQL basics;SQLAlchemy;Scikit-learn;Team collaboration;Teamwork;TensorFlow;TensorFlow basics;unittest basics
QA Engineer,"API & Mobile Testing: Postman, SoapUI, Appium;API Testing: Postman, SoapUI;API Testing: Postman, SoapUI, Appium;Appium;Appium basics;Automation;Automation Awareness: Selenium, Appium, Cucumber;Automation Tools Awareness: Selenium, Appium, Cucumber;Automation: Selenium, Appium, Cucumber basic knowledge;Automation: Selenium, Appium, Cucumber, JUnit, TestNG;Automation: Selenium, Appium, Cucumber, TestNG;Bangalore;Basic Automation: Selenium WebDriver, Appium, Cucumber;Basic Automation: Selenium, Appium, Cucumber;Bug & Test Management: JIRA, Bugzilla, Quality Center;Bug Tracking & Documentation: JIRA, Bugzilla, TestRail;Bug Tracking & Documentation: JIRA, TestRail;Bug Tracking & Documentation: JIRA, TestRail, ALM;Bug Tracking: JIRA, Bugzilla;Bugzilla;CI/CD;CI/CD Integration: Jenkins, GitLab CI/CD, Bamboo;CI/CD: Jenkins, GitLab CI/CD;CI/CD: Jenkins, GitLab CI/CD, Bamboo;Chennai;Cucumber awareness;Entry-Level;Fresher;Hyderabad;JIRA;Java;JavaScript;JavaScript basics;Jenkins;Leadership;Manual Testing;Manual Testing: Functional, Regression, Black-box;Mentoring;New York;Performance & Security Testing: JMeter, LoadRunner;Performance & Security Testing: Load, stress, security testing;Performance & Security Testing: Load, stress, vulnerability testing;Performance & Security Testing: LoadRunner;Performance Testing;Performance Testing: JMeter;Performance Testing: Load, stress testing;Postman;Postman basics;Programming: Java, Python, C#, JavaScript;Pune;Python;QA;Remote;San Francisco;Selenium;Selenium basics;Senior-Level;SoapUI;SoapUI basics;Software;Software Testing;Strategy;Test Automation: Selenium, Appium, Cucumber, JUnit, TestNG;Test Automation: Selenium, Appium, Cucumber, TestNG;Test Documentation;Test Documentation & Reporting;TestRail;Testing"
Robotics Engineer,"Adaptability;Advanced C++;Advanced CAD;Advanced CAD/SolidWorks;Advanced Python;Advanced control theory;Advanced robotics control;Advanced robotics control algorithms;Arduino basics;Arduino/Raspberry Pi advanced;AutoCAD;AutoCAD basics;C++;C++ advanced;C++ basics;C++ expert;CAD;CAD/SolidWorks;CAD/SolidWorks advanced;Communication;Computer vision;Control Systems;Control algorithms;Control algorithms advanced;Control systems advanced;Control theory;Cross-functional collaboration;Cross-team collaboration;Dynamics;Embedded Systems;Embedded systems;Embedded systems advanced;Embedded systems basics;Embedded systems design;Embedded systems expert;Gazebo, RViz;Gazebo, RViz simulation;Hardware debugging;Hardware interfacing;Innovation;Innovation in robotics;Innovation management;Innovation strategy;Kinematics;LIDAR and infrared sensors basics;LIDAR and ultrasonic sensors basics;LIDAR and vision sensors;Leadership;Linear algebra;MATLAB;MATLAB basics;ML in robotics;Machine Learning;Machine learning;Machine learning applications;Machine learning basics for robotics;Machine learning in robotics;Motor control;Motor control basics;PID control basics;PID controller fundamentals;PID controllers;PID fundamentals;Problem Solving;Problem solving;Project leadership;Project management;Project strategy;Python;Python advanced;Python basics;Python expert;ROS;ROS advanced;ROS advanced development;ROS basics;ROS development;Raspberry Pi basics;Robotics control algorithms;Robotics control theory;Sensor fusion;Sensor integration and fusion;Sensor integration basics;Sensors;Sensors basics (LIDAR, ultrasonic, infrared);Servo motors basics;Simulation;Simulation (Gazebo, RViz);Simulation tools;Simulation tools (Gazebo, RViz);SolidWorks;SolidWorks advanced;SolidWorks basics;Team collaboration;Team leadership;Team management;Team mentoring;Teamwork"
SEO Specialist,"AI SEO Tools;AI and machine learning in SEO;AI-driven SEO insights;AI-driven SEO tools;AI-powered SEO analytics;AI-powered SEO tools;Advanced SEO strategy;Advanced content optimization;Advanced content strategy;Advanced on-page and off-page SEO;Advanced technical SEO;Analytics;Analytics (GA4, Looker Studio);Analytics (GA4, Looker Studio, Search Console);Analytics (GA4, Search Console, Looker Studio);Analytics and reporting;Analytics and reporting (GA4, Looker Studio);Analytics and reporting (GA4, Looker Studio, Search Console);Basic HTML/CSS;Basic link building;Content Marketing;Content Optimization;Content Strategy;Content marketing;Content marketing optimization;Content optimization;Content optimization basics;Content strategy;Content strategy and SEO copywriting;Content strategy and optimization;Crawlability;Crawlability and indexing optimization;Crawlability checks;Crawlability, indexing, and site structure optimization;GA4;Google Analytics;Google Analytics GA4;Google Analytics basics;Google Search Console;HTML, CSS, JavaScript basics;HTML/CSS basics;Indexing;Keyword Research;Keyword research;Link Building;Link building;Link building and backlink analysis;Link building and outreach;Link building basics;Link building campaigns;Link building strategy;Local & mobile SEO;Local SEO;Local SEO and voice search optimization;Local SEO basics;Local SEO optimization;Local SEO strategy;Local and mobile SEO optimization;Looker Studio;Mobile SEO;Mobile SEO basics;Mobile SEO optimization;Multimodal Search;Multimodal search optimization;Off-Page SEO;Off-page SEO;Off-page SEO basics;Off-page optimization;On-Page SEO;On-page SEO;On-page SEO basics;On-page and off-page optimization;On-page optimization;Page Speed;Page speed and mobile optimization;Page speed and performance optimization;Page speed optimization;Privacy Compliance;Privacy compliance (GDPR);Privacy-compliant SEO;Privacy-compliant SEO (GDPR);Privacy-compliant SEO strategies;SEO;SEO Copywriting;SEO Strategy;SEO copywriting;SEO strategy;SEO strategy and execution;SEO strategy and planning;SEO strategy and roadmap;SEO strategy development;Schema Markup;Schema markup;Schema markup and structured data;Schema markup and structured data implementation;Schema markup basics;Schema markup implementation;Search Console;Search Console basics;Site Architecture;Site architecture optimization;Site indexing basics;Site speed optimization;Social media SEO basics;Stakeholder communication;Technical SEO;Technical SEO audits;Technical SEO basics;Visual Search;Visual search optimization;Voice Search;Voice and visual search optimization;Voice search optimization"
SOC Analyst,Incident Response;Malware Analysis;Network Defense;Python Scripting;QRadar;SIEM;SIEM Tools;SOC;Splunk;Threat Hunting
Sales Executive,Active Listening;Adaptability;CRM;CRM Basics;Closing Deals;Closing Techniques;Communication;Customer Engagement;Data-driven Sales;Digital Sales;Digital Sales Awareness;Digital Sales Fundamentals;HubSpot;Lead Generation;Negotiation;Pipeline Management;Predictive Analytics;Product Demo;Product Demonstrations;Product Demos;Product Knowledge;Relationship Building;Relationship Management;Sales Automation;Sales Automation Awareness;Sales Basics;Sales Executive;Sales Forecasting;Salesforce;Social Selling;Time Management
Senior Android Developer,Agile;Android NDK;Android Studio;CI/CD;Clean Architecture;Dagger;Debugging;Dependency Injection;Firebase;Java;Jetpack;Kotlin;MVVM;Material Design;Performance Optimization;Play Store;REST API;REST APIs;Room;Unit Testing
Senior Android Engineer,Agile;Android NDK;Android Studio;CI/CD;Clean Architecture;Dagger;Debugging;Dependency Injection;Firebase;Java;Jetpack;Kotlin;MVVM;Material Design;Performance Optimization;Play Store;REST API;Room;Unit Testing
Senior Cloud Architect,AWS;AWS multi-cloud;Ansible;Azure;Azure networking;Cloud Architecture;CloudFormation;DevOps;DevOps automation;GCP;Hybrid Cloud;Kubernetes;Kubernetes orchestration;Leadership
Senior Data Scientist,AWS EMR;Analytics;Big Data;Data Science;Deep Learning;ETL pipelines;Ensemble methods;Feature Engineering;Git;Hadoop;Java/Scala;Jupyter;Machine Learning;NLP;PowerBI;Python;R;SQL;Spark;Tableau;Time-series modeling
Senior Incident Response Analyst,Forensics;Incident Response;Malware Analysis;QRadar;SOC;Splunk;Threat Hunting
Senior Interaction Designer,After Effects;Figma;Interaction Design;Micro-Interactions;Principle;Prototyping;Usability Testing
Senior ML Infrastructure Engineer,"Big Data;Big data: Spark, Hadoop;Cloud Deployment;Feature engineering, ETL automation;Frameworks: TensorFlow, PyTorch, Keras, Scikit-learn (advanced);Java;ML/DL;ML/DL: deep learning, reinforcement learning, NLP, computer vision, transfer learning;MLOps;MLOps: CI/CD, model monitoring, cloud deployment (AWS/GCP/Azure);Python;R;SQL;Scala;Senior ML Infrastructure Engineer"
Senior Machine Learning Engineer,"AI;AWS;Advanced ML/DL: deep learning, NLP, reinforcement learning, computer vision, transfer learning;Big Data;Big data: Spark, Hadoop;Classification;Cloud Deployment;Deep Learning;ETL automation;Ensemble methods;Feature engineering;Feature engineering, ETL automation;Frameworks: TensorFlow, PyTorch, Keras, Scikit-learn (advanced);GCP;Hadoop;Java;Java/Scala;Leadership;ML/DL;MLOps;MLOps: CI/CD pipelines, model monitoring, cloud deployment (AWS/GCP/Azure);Machine Learning Engineer;NLP;PowerBI;Python;Python (advanced);R;Regression;Reinforcement Learning;SQL;Scala;Senior ML Engineer;Spark;Tableau"
Senior Network Engineer,Cisco ASA;Nagios;Palo Alto;SD-WAN;Zero Trust;Zero Trust Security
Senior Security Analyst,"Cloud Security;Compliance;Compliance (GDPR, PCI-DSS);Incident Response;LogRhythm;PowerShell;Security Auditing;Vulnerability Assessment;Vulnerability Management"
Senior System Engineer,Active Directory;Docker;Grafana;Monitoring;PowerShell;System Engineering;Windows Server
Senior UX Designer,A/B Testing;Accessibility;Accessibility Standards;Adobe XD;Axure;Design Systems;Figma;Journey Mapping;Principle;Sketch;UX Research;User Research
Senior iOS Developer,App Optimization;CI/CD;Core Data;GitHub Actions;GraphQL;MVVM;Objective-C;Swift
Senior iOS Engineer,App Store Submission;Core Animation;Core Data;Crashlytics;GraphQL;Jenkins;Objective-C;Swift;User Engagement;Xcode
Site Reliability Engineer,"AWS;AWS, Azure, GCP;AWS, Azure, GCP advanced;AWS, Azure, GCP expert;Adaptability;Analytical thinking;Automation;Automation and scripting;Automation scripting;Bash;Bash scripting;Bash scripting basics;Bash scripting expert;Bash/Shell scripting;Bash/Zsh scripting;Basic CI/CD;Basic CI/CD concepts;Basic automation scripts;Basic monitoring (Nagios, Grafana);CI/CD;CI/CD (Jenkins, Bamboo, GitHub Actions);CI/CD fundamentals;CI/CD pipelines;CI/CD pipelines (Jenkins, Bamboo, GitHub Actions);CI/CD pipelines (Jenkins, GitHub Actions);CI/CD pipelines (Jenkins, GitHub Actions, Bamboo);CI/CD pipelines expert;CI/CD pipelines expert (Jenkins, Bamboo, GitHub Actions);Cloud (AWS, Azure, GCP);Cloud expert (AWS, Azure, GCP);Cloud fundamentals (AWS, GCP, Azure);Cloud fundamentals (AWS/Azure/GCP);Cloud platform basics (AWS/Azure/GCP);Cloud platforms (AWS, Azure, GCP);Cloud platforms basics (AWS/Azure/GCP);Cloud platforms expert;Cloud platforms expert (AWS, Azure, GCP);Collaboration;Communication;Containerization basics (Docker);Distributed Systems;Distributed systems;Distributed systems architecture;Distributed systems design;Distributed systems design and management;Distributed systems management;Docker;Docker basics;Docker fundamentals;Docker introduction;Docker, Kubernetes;Docker, Kubernetes advanced;Docker, Kubernetes expert;Go;Go programming;Go, Java;IaC (Terraform, Ansible);IaC (Terraform, Ansible, Puppet);IaC (Terraform, Ansible, Puppet, Chef);Infrastructure as Code (Terraform, Ansible);Infrastructure as Code (Terraform, Ansible, Puppet);Infrastructure as Code (Terraform, Ansible, Puppet, Chef);Intro to monitoring (Prometheus/Grafana);Introduction to cloud platforms;Java scripting;Kubernetes;Kubernetes basics;Kubernetes introduction;Leadership;Linux;Linux OS basics;Linux administration;Linux administration basics;Linux administration expert;Linux administration fundamentals;Linux basics;Linux expert;Linux fundamentals;Linux/Windows;Linux/Windows administration;Linux/Windows administration expert;Linux/Windows expert;Monitoring;Monitoring & logging;Monitoring & logging (Prometheus, Grafana, ELK);Monitoring & logging (Prometheus, Grafana, ELK, Nagios, Splunk);Monitoring & logging expert (Prometheus, Grafana, ELK, Nagios, Splunk);Monitoring & logging tools;Monitoring (Prometheus, Grafana, ELK Stack, Nagios, Splunk);Monitoring (Prometheus, Grafana, ELK, Nagios, Splunk);Monitoring and logging (Prometheus, Grafana, ELK Stack, Nagios, Splunk);Monitoring and logging tools (Prometheus, Grafana, ELK Stack);Monitoring basics (Nagios, Grafana);Monitoring basics (Prometheus/Grafana/Nagios);Monitoring tools intro (Prometheus, Grafana);Networking;Networking (TCP/IP, DNS, CDN, Load Balancing);Networking (TCP/IP, DNS, Load Balancing);Networking (TCP/IP, DNS, Load Balancing, CDN);Networking basics (TCP/IP, DNS);Networking fundamentals;Problem-solving;Prometheus;Python;Python advanced;Python basics;Python, Go;Python, Go, Java;Security and compliance;Security and compliance basics;Security and compliance knowledge;Security compliance;Shell scripting;Shell scripting (Bash/Zsh);TCP/IP networking;TCP/IP networking basics;Terraform;Time management;Windows OS basics;Windows OS fundamentals;Windows administration;Windows fundamentals;Windows server;Windows server administration"
Software Developer,"AI;AWS;AWS basics;Agile;Agile/Scrum;Analytical thinking;Android;Android Studio;Angular;Architecture;Azure;Azure basics;Backend;C#;C++;CI/CD;CSS;Cloud;Cloud Computing;Collaboration;Communication;Data Analytics;Debugging;Django;Docker;Entry-Level;Experienced;Fresher;Frontend;Full-Stack;Git;HTML;Java;JavaScript;JavaScript/TypeScript;Kotlin;Kubernetes;Leadership;ML libraries (scikit-learn, pandas);Machine Learning;Mentoring;Microservices;Mid-Level;Mobile Development;NoSQL;Node.js;Problem-solving;Python;React;SQL;Senior-Level;Software Developer;Spring Boot;Swift;Team Leadership;Teamwork;Testing;Vue.js;Web Development;Xcode;iOS"
Software Engineer,API Integration;APIs;AWS;Agile;Algorithms;Angular;Azure;Backend;C++;CI/CD;CSS;Cybersecurity;Cybersecurity Basics;Data Structures;Debugging;Django;Docker;Express;Figma;Front-End;Game Development;Git;GitHub;HTML;Integration Testing;IntelliJ;IoT;IoT Basics;Java;JavaScript;Jira;Jupyter Notebook;Kubernetes;Leadership;Machine Learning;Machine Learning Basics;Mentoring;Microservices;MongoDB;MySQL;Node.js;OOP;PostgreSQL;Postman;PyCharm;Python;REST API;REST APIs;React;Redux;Responsive Design;Rust;SQL;Scalability;Software Engineer;Spring Boot;Team Leadership;Testing;Trello;TypeScript;UI/UX;Unit Testing;Unity;VS Code;Visual Studio;Vue.js
Software Tester (SDET),"API Testing;API Testing advanced;API testing;API testing basics;Advanced Java;Advanced Python;Agile leadership;Agile understanding;Agile/Scrum;Agile/Scrum knowledge;Agile/Scrum understanding;Appium;Attention to detail;Automation Framework;Automation Testing;Automation strategy;Basic Jenkins;C# advanced;C# basics;CI/CD;CI/CD (Jenkins, Bamboo, Azure DevOps);CI/CD integration;CI/CD integration (Jenkins, Azure DevOps);CI/CD integration (Jenkins, Bamboo);Code Review;Code review;Communication;Cross-team collaboration;Cypress;Cypress basics;Defect management metrics;Defect metrics;Functional and regression testing;Functional testing;JMeter;JMeter basics;JUnit;Java basics;Jenkins;Jenkins basics;Mentoring;Metrics-driven QA;Performance Testing;Performance and load testing;Performance testing;Postman;Postman basics;Problem-solving;Python advanced;Python basics;Regression Testing;Regression testing;Selenium;Selenium WebDriver;Selenium WebDriver basics;Selenium basics;Software Testing;Strategic QA planning;Team collaboration;Team mentoring;Teamwork;Test Data Management;Test automation;Test automation strategy;Test data management;TestNG"
Solutions Architect,AWS;AWS basics;AWS fundamentals;Architecture Design;Azure;Azure basics;Azure fundamentals;Basic CI/CD;Basic CI/CD and DevOps exposure;Basic architecture design;Basic container orchestration knowledge;Basic microservices understanding;Basic security and compliance awareness;Basic security awareness;CI/CD;CI/CD basics;CI/CD fundamentals;CI/CD introduction;CI/CD pipelines;Cloud Architecture;Cloud Computing;CloudFormation;Collaboration;Communication;DevOps;Docker;Docker fundamentals;Docker/Kubernetes basics;Docker/Kubernetes fundamentals;GCP;GCP basics;GCP fundamentals;Google Cloud fundamentals;Introductory Docker/Kubernetes knowledge;Introductory Node.js knowledge;Introductory microservices knowledge;Introductory security awareness;Java;Java basics;Java fundamentals;JavaScript fundamentals;Kubernetes;Kubernetes fundamentals;Leadership;Microservices;Node.js;Node.js basics;Problem-solving;Project leadership;Project management;Python;Python basics;Python fundamentals;Security Compliance;Security compliance;Security protocols;Solutions Architecture;Stakeholder engagement;Stakeholder management;Team Collaboration;Team collaboration;Teamwork;Terraform
Staff UX Designer,A/B Testing;Design Systems;Figma;InVision;Leadership;User Research
System Engineer,AWS;Active Directory;Automation;Azure;Azure Fundamentals;Cloud Basics;Cloud Computing;Compliance;Enterprise Systems;Internship;Kubernetes;Linux;Linux Administration;Linux Basics;Monitoring;Monitoring Tools;Nagios;Networking;Networking Basics;Networking Fundamentals;PowerShell;Python;Python Basics;Python Scripting;Scripting Fundamentals;Security Compliance;System Architecture;System Engineering;Systems Engineer;Systems Engineering;TCP/IP;Terraform;Troubleshooting;VMware;VirtualBox;Windows;Windows Server
System Engineer - Automation Specialist,Ansible;Automation;Bash;Linux;Python;System Optimization;VMware
System Engineer - Cloud & Automation,AWS;Ansible;Automation;Azure;Cloud;Docker;Python
System Engineer - Cloud Focus,AWS;Automation;Azure;Cloud Computing;Linux;Nagios;System Architecture;Terraform
System Engineer - DevOps Integration,Ansible;Automation;CI/CD;DevOps;Docker;Kubernetes;Linux
System Engineer - Monitoring,Automation;Automation Scripts;Grafana;Linux;Monitoring;Nagios;System Reliability;Windows Server
System Engineer - Security,AWS IAM;Compliance;Firewalls;IAM;Linux;Linux Security;PowerShell;System Security;Troubleshooting
System Engineer - Virtualization,Docker;Hyper-V;Linux;Networking;System Performance;VMware;Virtualization
Technical Writer,AI Tools;AI Writing Tools;AI-assisted Documentation;API Documentation;Adaptability;Adobe FrameMaker;Advanced Editing;Advanced Technical Writing;Agile Documentation;Attention to Detail;Basic HTML;Basic HTML/CSS;CMS;CMS Basics;CSS;Clarity;Clear Writing;Collaboration;Documentation;Editing;Grammar and Style;HTML;HTML/CSS/XML;Interviewing SMEs;MadCap Flare;Markdown;Proofreading;Research;Research Skills;SME Collaboration;Structured Authoring;Technical Accuracy;Technical Documentation;Technical Writing;Time Management;UX Documentation;Version Control;XML;XML/HTML/CSS
Telecom & Network Engineer,BGP;Cisco Routers;QoS;SIP;Telecom;VoIP
Test Automation Engineer,ALM;API Testing;Appium;Appium basics;Automation;Automation Scripts;Black-box testing;Bugzilla;C#;CI/CD;Cucumber;Cypress;Cypress basics;Defect Tracking;Docker;Entry-Level;Experienced;Framework Design;Fresher;Functional testing;GitLab;GitLab CI/CD;JIRA;JMeter;Java;Java basics;JavaScript basics;Jenkins;Leadership;LoadRunner;Manual Testing;Manual testing concepts;Mentoring;Performance Testing;Postman;Postman basics;Python;Python basics;QA;Regression Testing;Regression testing;RestAssured;Security Testing;Selenium;Selenium WebDriver;Selenium basics;Software QA;Software Testing;Test Automation;Test case writing;Test documentation;TestNG;TestNG basics;TestRail;Testing;Training
Trainee Android App Developer,Android Studio;Git;Java;Kotlin;Material Design;REST API;SQLite;UI/UX Basics;UI/UX Design;XML
Trainee Network Engineer,Firewalls;Firewalls Basics;IDS/IPS Intro;LAN/WAN;Nagios;Nagios Basics;Network Security Basics;TCP/IP
Trainee Security Analyst,GDPR;GDPR Basics;Linux Commands;Malware Analysis;Nessus;Network Security;Network Security Basics;Penetration Testing;Python;Vulnerability Assessment
Trainee UX Designer,Adobe XD;CSS;CSS Basics;Figma;HTML;HTML Basics;InVision;Prototyping;Wireframing
Trainee iOS Developer,Cocoa Touch;JSON;JSON Handling;REST APIs;Simulator;Swift;Xcode;iOS SDK
UI Designer,A/B Testing;Accessibility;Adobe XD;After Effects;Animation;Branding;Branding Basics;CSS;Color Theory;Creativity;Design Systems;Figma;HTML;HTML/CSS;Illustrator;InVision;Interaction Design;JS;Leadership;Material Design;Micro-Interactions;Photoshop;Principle;Prototyping;Responsive Design;Responsive Layouts;Sketch;Team Leadership;Typography;UI Basics;UI/UX Collaboration;UI/UX Design;UI/UX Design Basics;Usability Basics;Usability Testing;User Flows;User Research;Visual Design;Wireframing
UX,Adobe XD;Color Theory;Figma;Prototyping;Sketch;Typography;Usability Testing;User Research;Wireframing
UX Apprentice,Adobe XD;Figma;Information Architecture;Information Architecture Basics;Prototyping;Sketch;User Flows;Wireframing
UX Architect,Accessibility;Agile;Agile UX;Design Systems;Figma;Information Architecture;Prototyping;UX Research;WCAG
UX Consultant,Agile;Agile UX;Design Thinking;Figma;Sketch;Usability Testing;User Research
UX Design,Adobe XD;Figma;Prototyping;Sketch;User Research;Wireframes;Wireframing
UX Design Lead,Accessibility;Agile UX;Design Systems;Figma;Interaction Design;Leadership
UX Designer,Adobe XD;CSS Basics;Collaboration;Color Theory;Figma;HTML Basics;Prototyping;Sketch;Typography;Usability Testing;User Flows;User Research;Wireframing
UX Manager,Accessibility;Design Thinking;Figma;Journey Mapping;Leadership;Team Leadership;Usability Testing;User Research;User-Centered Design
UX Strategist,A/B Testing;Analytics;Design Systems;Figma;Journey Mapping;UX Research
UX Trainee Designer,Adobe XD;Figma;Prototyping;Typography;User Flows;User Research;Wireframing
Vibe Coder,"AI coding assistant mastery;AI coding assistant proficiency;AI coding assistant usage;AI coding assistant usage (ChatGPT, Copilot);AI coding assistants;AI-assisted code evaluation;AI-assisted coding;Adaptability;Agile;Agile oversight;Agile project management;Agile workflow management;Agile workflow oversight;CSS;CSS basics;Code evaluation;Code evaluation and debugging;Code evaluation and debugging advanced;Code review basics;Collaboration;Communication;Creative problem solving;Creativity;Critical thinking;Cross-functional collaboration;Debugging;Debugging AI outputs;Debugging AI-generated code;HTML;HTML basics;HTML/CSS basics;Innovation management;JavaScript;JavaScript advanced;JavaScript basics;JavaScript expert;Leadership;Mentoring;Problem-solving;Project leadership;Project management Agile;Project management basics;Prompt Engineering;Prompt crafting basics;Prompt creation;Prompt engineering;Prompt engineering advanced;Prompt engineering basics;Prompt engineering expert;Prompt engineering fundamentals;Prompt optimization;Python;Python advanced;Python basics;Python expert;React;React basics;React frameworks;React/Vue expert;React/Vue frameworks;React/Vue frameworks advanced;React/Vue frameworks expert;Ruby;Ruby advanced;Ruby basics;Strategic planning;Task planning with Jira/Trello;Team collaboration;Team management;Teamwork;Vue;Vue basics;Vue frameworks"
Web Developer,AJAX;AWS;Angular;Angular basics;CI/CD;CSS3;Django;Docker;Enzyme;Express.js;Git;GitHub basics;GraphQL;HTML5;JSON;JavaScript;Jest;Kubernetes;MongoDB;MongoDB basics;MySQL;MySQL basics;Node.js;Node.js basics;PHP;PHP basics;Python;Python basics;REST APIs;RESTful APIs;React;React basics;Redis;Responsive Design;SQL;Testing frameworks;Testing with Jest;Testing with Jest/Enzyme;TypeScript;UI/UX fundamentals;Vue.js;Vue.js basics
iOS App Developer,Basic Debugging;Cocoa Touch;Debugging;Git;MVC;Swift;UIKit;Xcode;iOS Development
iOS Application Developer,Core Animation;Core Data;Firebase;Jenkins;Objective-C;Swift;Xcode;iOS Performance
iOS Architect,CI/CD;Core Animation;JIRA;MVP;MVVM;Mentorship;Objective-C;Swift;iOS Architecture
iOS Developer,Agile;App Store Submission;Cocoa Touch;Crash Debugging;Git;MVVM;Objective-C;REST APIs;Simulator;Swift;UIKit;Xcode
iOS Junior Developer,Cocoa Touch;Debugging;MVC;QA Collaboration;Simulator;Swift;Xcode
iOS Mobile App Engineer,Crashlytics;Firebase;Kotlin;MVVM;Objective-C;Swift;Unit Testing;User Engagement
iOS Mobile Developer,App Store submission;Cocoa Touch;Debugging;Git;JSON;Mobile app development;Objective-C;REST APIs;Simulator;Swift;UI/UX;UI/UX Design;UIKit;Xcode;iOS SDK
iOS Solutions Engineer,Core Data;GraphQL;Multi-threading;Objective-C;Performance Tuning;Swift;Xcode Instruments
iOS Tech Lead,Agile;Agile/Scrum;App Store Release;CI/CD;Core Data;Objective-C;REST APIs;Swift
